Registered Number,Registered Email ID,Payment date,Sale by,Grade,Pricing,Sessions preferred,Live session details
911100222865,s2m_test_21890@tests2m.com,16-03-2020 12:00:00 AM,SP_1001,2,199,,
911100222866,,16-03-2020 12:00:00 AM,SP_1002,4,199,,
911100222867,s2m_test_21891@tests2m.com,16-03-2020 12:00:00 AM,,4,199,,
911100222427,s2m_test_21440@tests2m.com,16-03-2020 12:00:00 AM,SP_1004,3,199,,
911100222868,s2m_test_21892@tests2m.com,17-03-2020 12:00:00 AM,,5,199,,
911100222869,s2m_test_21893@tests2m.com,17-03-2020 12:00:00 AM,,3,199,,
911100222870,s2m_test_21894@tests2m.com,17-03-2020 12:00:00 AM,,UKG,199,,
911100222871,s2m_test_21895@tests2m.com,17-03-2020 12:00:00 AM,,4,199,,
911100222872,s2m_test_21896@tests2m.com,17-03-2020 12:00:00 AM,,2,199,,
911100222873,s2m_test_21897@tests2m.com,17-03-2020 12:00:00 AM,,3,199,,
911100222874,s2m_test_21898@tests2m.com,18-03-2020 12:00:00 AM,,5,199,,
911100222875,s2m_test_21899@tests2m.com,18-03-2020 12:00:00 AM,,1,199,,
911100222876,s2m_test_21900@tests2m.com,18-03-2020 12:00:00 AM,,2,999,,Live - Upsell (Larger plan)
911100222877,s2m_test_21901@tests2m.com,18-03-2020 12:00:00 AM,,,199,,
911100222878,s2m_test_21902@tests2m.com,18-03-2020 12:00:00 AM,,LKG,199,,
911100222879,s2m_test_21903@tests2m.com,18-03-2020 12:00:00 AM,,4,1999,,Live - Upsell (Larger plan)
911100222880,s2m_test_21904@tests2m.com,18-03-2020 12:00:00 AM,,2,199,,
911100222881,s2m_test_21905@tests2m.com,18-03-2020 12:00:00 AM,,3,199,,
911100222882,s2m_test_21906@tests2m.com,18-03-2020 12:00:00 AM,,1,99,,
911100222883,s2m_test_21907@tests2m.com,18-03-2020 12:00:00 AM,,LKG,199,,
911100222884,s2m_test_21908@tests2m.com,19-03-2020 12:00:00 AM,,4,199,,
911100222885,s2m_test_21909@tests2m.com,19-03-2020 12:00:00 AM,,1,199,,
911100222886,s2m_test_21910@tests2m.com,19-03-2020 12:00:00 AM,,3,199,,
911100222887,s2m_test_21911@tests2m.com,19-03-2020 12:00:00 AM,,1,1999,,Live - Upsell (Larger plan)
911100222888,s2m_test_21912@tests2m.com,19-03-2020 12:00:00 AM,,1,199,,
911100222889,s2m_test_21913@tests2m.com,19-03-2020 12:00:00 AM,,1,199,,
911100222890,s2m_test_21914@tests2m.com,19-03-2020 12:00:00 AM,,5,199,,
911100222891,s2m_test_21915@tests2m.com,19-03-2020 12:00:00 AM,SP_1001,2,1999,,Live - Upsell (Larger plan)
911100222892,s2m_test_21916@tests2m.com,20-03-2020 12:00:00 AM,,3,199,,
911100222893,s2m_test_21917@tests2m.com,20-03-2020 12:00:00 AM,,1,199,,
911100222894,s2m_test_21918@tests2m.com,20-03-2020 12:00:00 AM,,2,199,,
911100222895,s2m_test_21919@tests2m.com,20-03-2020 12:00:00 AM,,1,999,,Live - Upsell (Larger plan)
911100222880,s2m_test_21904@tests2m.com,20-03-2020 12:00:00 AM,,2,199,,
911100222896,s2m_test_21920@tests2m.com,20-03-2020 12:00:00 AM,,1,1999,,Live - Upsell (Larger plan)
911100222897,s2m_test_21921@tests2m.com,20-03-2020 12:00:00 AM,,3,199,,
911100222898,s2m_test_21922@tests2m.com,20-03-2020 12:00:00 AM,SP_1001,1,1999,,Live - Upsell (Larger plan)
911100222899,s2m_test_21923@tests2m.com,20-03-2020 12:00:00 AM,,3,199,,
911100222882,s2m_test_21906@tests2m.com,20-03-2020 12:00:00 AM,SP_1001,1,1999,,Live - Upsell (Larger plan)
911100222900,s2m_test_21924@tests2m.com,20-03-2020 12:00:00 AM,SP_1001,2,1999,,Live - Upsell (Larger plan)
911100222901,s2m_test_21925@tests2m.com,21-03-2020 12:00:00 AM,,4,199,,
911100222885,s2m_test_21909@tests2m.com,21-03-2020 12:00:00 AM,,1,1999,,Live - Upsell (Larger plan)
911100222902,s2m_test_21926@tests2m.com,21-03-2020 12:00:00 AM,,2,199,,
911100222903,s2m_test_21927@tests2m.com,21-03-2020 12:00:00 AM,,3,199,,
911100222559,s2m_test_21571@tests2m.com,21-03-2020 12:00:00 AM,,4,199,,
911100222904,s2m_test_21928@tests2m.com,21-03-2020 12:00:00 AM,,1,1999,,Live - Upsell (Larger plan)
911100222905,s2m_test_21929@tests2m.com,22-03-2020 12:00:00 AM,,1,199,,
911100222906,s2m_test_21930@tests2m.com,22-03-2020 12:00:00 AM,,4,199,,
911100222907,s2m_test_21931@tests2m.com,22-03-2020 12:00:00 AM,,2,199,,
911100222908,s2m_test_21932@tests2m.com,22-03-2020 12:00:00 AM,,2,199,,
911100222909,s2m_test_21933@tests2m.com,22-03-2020 12:00:00 AM,,1,199,,
911100222910,s2m_test_21934@tests2m.com,22-03-2020 12:00:00 AM,SP_1001,3,1999,,Live - Upsell (Larger plan)
911100222911,s2m_test_21935@tests2m.com,22-03-2020 12:00:00 AM,,3,1999,,Live - Upsell (Larger plan)
911100222912,s2m_test_21936@tests2m.com,22-03-2020 12:00:00 AM,,2,199,,
911100222913,s2m_test_21937@tests2m.com,23-03-2020 12:00:00 AM,,1,199,,
911100222914,s2m_test_21938@tests2m.com,23-03-2020 12:00:00 AM,SP_1001,4,1999,,Live - Upsell (Larger plan)
911100222914,s2m_test_21938@tests2m.com,23-03-2020 12:00:00 AM,,4,199,,
911100222915,s2m_test_21939@tests2m.com,23-03-2020 12:00:00 AM,,3,199,,
911100222916,s2m_test_21940@tests2m.com,24-03-2020 12:00:00 AM,,4,199,,
911100222917,s2m_test_21941@tests2m.com,24-03-2020 12:00:00 AM,,3,199,,
911100222918,s2m_test_21942@tests2m.com,24-03-2020 12:00:00 AM,,3,1999,,Live - Upsell (Larger plan)
911100222919,s2m_test_21943@tests2m.com,24-03-2020 12:00:00 AM,SP_1005,2,1999,,Live - Upsell (Larger plan)
911100222920,s2m_test_21944@tests2m.com,24-03-2020 12:00:00 AM,,4,199,,
911100222921,s2m_test_21945@tests2m.com,24-03-2020 10:32:31 PM,SP_1005,2,1999,,Live - Upsell (Larger plan)
911100222922,s2m_test_21946@tests2m.com,25-03-2020 12:00:00 AM,,4,199,,
911100222922,s2m_test_21946@tests2m.com,25-03-2020 12:00:00 AM,,4,199,,
911100222923,s2m_test_21947@tests2m.com,25-03-2020 12:00:00 AM,,2,199,,
911100222924,s2m_test_21948@tests2m.com,25-03-2020 12:00:00 AM,,1,199,,
911100222925,s2m_test_21949@tests2m.com,25-03-2020 12:00:00 AM,SP_1001,1,1999,,Live - Upsell (Larger plan)
911100222926,s2m_test_21950@tests2m.com,25-03-2020 12:49:05 AM,,4,199,,
911100222927,s2m_test_21951@tests2m.com,25-03-2020 8:21:50 AM,,5,199,,
911100222928,s2m_test_21952@tests2m.com,25-03-2020 8:44:49 AM,,1,199,,
911100222929,s2m_test_21953@tests2m.com,25-03-2020 2:07:46 PM,,5,199,,
911100222930,s2m_test_21954@tests2m.com,25-03-2020 2:39:40 PM,,4,199,,
911100222931,s2m_test_21955@tests2m.com,25-03-2020 3:16:50 PM,,3,199,,
911100222932,s2m_test_21956@tests2m.com,25-03-2020 3:16:50 PM,SP_1005,4,1999,,Live - Upsell (Larger plan)
911100222933,s2m_test_21957@tests2m.com,25-03-2020 5:52:37 PM,,5,199,,
911100222934,s2m_test_21958@tests2m.com,25-03-2020 8:16:41 PM,,4,199,,
911100222935,s2m_test_21959@tests2m.com,25-03-2020 8:41:35 PM,,3,199,,
911100222897,s2m_test_21921@tests2m.com,25-03-2020 8:43:04 PM,SP_1005,4,999,,Live - Upsell (Larger plan)
911100222936,s2m_test_21960@tests2m.com,25-03-2020 9:03:48 PM,,2,199,,
911100222937,s2m_test_21961@tests2m.com,25-03-2020 10:20:07 PM,,5,199,,
911100222938,s2m_test_21962@tests2m.com,25-03-2020 11:28:18 PM,,1,199,,
911100222939,s2m_test_21963@tests2m.com,26-03-2020 12:00:00 AM,SP_1005,2,999,,Live - Upsell (Larger plan)
911100222559,s2m_test_21964@tests2m.com,26-03-2020 12:00:00 AM,SP_1001,4,1999,,Live - Upsell (Larger plan)
911100222940,s2m_test_21965@tests2m.com,26-03-2020 12:00:00 AM,,3,199,,
911100222941,s2m_test_21966@tests2m.com,26-03-2020 12:00:00 AM,,1,199,,
911100222942,s2m_test_21967@tests2m.com,26-03-2020 12:00:00 AM,,3,199,,
911100222943,s2m_test_21968@tests2m.com,26-03-2020 12:00:00 AM,,3,199,,
911100222944,s2m_test_21969@tests2m.com,26-03-2020 12:00:00 AM,,4,199,,
911100222899,s2m_test_21923@tests2m.com,26-03-2020 12:00:00 AM,SP_1005,4,1999,SCS/13042020/Batch53,Live - Upsell (Larger plan)
911100222798,s2m_test_21822@tests2m.com,26-03-2020 12:00:00 AM,,2,199,,
911100222901,s2m_test_21925@tests2m.com,26-03-2020 12:00:00 AM,SP_1005,4,999,,Live - Upsell (Larger plan)
911100222945,s2m_test_21970@tests2m.com,26-03-2020 7:38:20 PM,,Nursery,199,,
911100222946,s2m_test_21971@tests2m.com,26-03-2020 9:48:42 PM,,3,199,,
911100222947,s2m_test_21972@tests2m.com,26-03-2020 10:05:58 PM,,1,199,,
911100221015,s2m_test_20016@tests2m.com,26-03-2020 10:55:36 PM,,1,199,,
911100222886,s2m_test_21910@tests2m.com,27-03-2020 12:00:00 AM,,3,199,,
911100222948,s2m_test_21973@tests2m.com,27-03-2020 12:00:00 AM,,UKG,199,,
911100221278,s2m_test_20278@tests2m.com,27-03-2020 12:00:00 AM,,5,199,,
911100222949,s2m_test_21974@tests2m.com,27-03-2020 12:00:00 AM,,4,199,,
911100222950,s2m_test_21975@tests2m.com,27-03-2020 12:00:00 AM,,2,199,,
911100222951,s2m_test_21976@tests2m.com,27-03-2020 12:00:00 AM,SP_1005,4,999,,Live - Upsell (Larger plan)
911100222922,s2m_test_21946@tests2m.com,27-03-2020 12:00:00 AM,SP_1006,3,3400,,Live - Upsell (Larger plan)
911100222952,s2m_test_21977@tests2m.com,27-03-2020 12:00:00 AM,SP_1005,1,999,,Live - Upsell (Larger plan)
911100222909,s2m_test_21933@tests2m.com,27-03-2020 12:00:00 AM,SP_1001,1,999,,
911100222953,s2m_test_21978@tests2m.com,27-03-2020 12:00:00 AM,,2,199,,
911100222954,s2m_test_21979@tests2m.com,27-03-2020 12:00:00 AM,,4,199,,
911100222939,s2m_test_21963@tests2m.com,27-03-2020 12:00:00 AM,,2,199,,
911100221297,s2m_test_20297@tests2m.com,27-03-2020 12:00:00 AM,SP_1005,4,999,,Live - Upsell (Larger plan)
911100222955,s2m_test_21980@tests2m.com,28-03-2020 12:00:00 AM,,2,199,,
911100222956,s2m_test_21981@tests2m.com,28-03-2020 12:00:00 AM,,5,199,,
911100222957,s2m_test_21982@tests2m.com,28-03-2020 12:00:00 AM,,1,199,,
911100222958,s2m_test_21983@tests2m.com,28-03-2020 12:00:00 AM,,1,199,,
911100222958,s2m_test_21983@tests2m.com,28-03-2020 12:00:00 AM,,1,199,,
911100222959,s2m_test_21984@tests2m.com,28-03-2020 12:00:00 AM,,UKG,199,,
911100222960,s2m_test_21985@tests2m.com,28-03-2020 12:00:00 AM,,3,199,,
911100222961,s2m_test_21986@tests2m.com,28-03-2020 12:00:00 AM,,2,199,,
911100222962,s2m_test_21987@tests2m.com,28-03-2020 12:00:00 AM,,5,199,,
911100222959,s2m_test_21984@tests2m.com,28-03-2020 12:00:00 AM,,UKG,199,,
911100222924,s2m_test_21948@tests2m.com,28-03-2020 12:00:00 AM,,1,199,,
911100222963,s2m_test_21988@tests2m.com,28-03-2020 12:00:00 AM,,1,199,,
911100222964,s2m_test_21989@tests2m.com,29-03-2020 12:00:00 AM,,4,199,,
911100222965,s2m_test_21990@tests2m.com,29-03-2020 12:00:00 AM,,UKG,199,,
911100222966,s2m_test_21991@tests2m.com,29-03-2020 12:00:00 AM,,1,199,,
911100221021,s2m_test_20022@tests2m.com,29-03-2020 12:00:00 AM,,2,199,,
911100222920,s2m_test_21944@tests2m.com,29-03-2020 12:00:00 AM,SP_1005,6,999,,Live - Upsell (Larger plan)
911100222967,s2m_test_21992@tests2m.com,29-03-2020 12:00:00 AM,SP_1007,2,1999,"Nivaan batch
SCJ/13042020/Batch 2",Live - Upsell (Larger plan)
911100222968,s2m_test_21993@tests2m.com,29-03-2020 12:00:00 AM,,8,199,,
911100222969,s2m_test_21994@tests2m.com,29-03-2020 12:00:00 AM,,2,199,,
911100222970,s2m_test_21995@tests2m.com,29-03-2020 12:00:00 AM,,1,199,,
911100222971,s2m_test_21996@tests2m.com,30-03-2020 12:00:00 AM,,5,199,,
911100221396,s2m_test_20399@tests2m.com,30-03-2020 12:00:00 AM,,2,199,,
911100222972,,29-03-2020 12:00:00 AM,SP_1005,3,2000,,Live - Upsell (Larger plan)
911100222973,,29-03-2020 12:00:00 AM,SP_1005,2,1999,,Live - Upsell (Larger plan)
911100222974,s2m_test_21997@tests2m.com,31-03-2020 7:26:00 AM,,3,199,,
911100222975,,31-03-2020 7:26:00 AM,SP_1001,3,1999,New Spring Camp Batch,Live - Upsell (Larger plan)
911100222976,s2m_test_21998@tests2m.com,31-03-2020 12:00:00 AM,,2,199,,
911100222977,s2m_test_21999@tests2m.com,31-03-2020 7:26:00 AM,SP_1005,3,999,New Spring Camp Batch,Live - Upsell (Larger plan)
911100222978,s2m_test_22000@tests2m.com,31-03-2020 12:00:00 AM,,4,199,,
911100222979,s2m_test_22001@tests2m.com,31-03-2020 12:00:00 AM,,2,199,,
911100222980,s2m_test_22002@tests2m.com,31-03-2020 12:00:00 AM,,7,199,,
911100222981,s2m_test_22003@tests2m.com,31-03-2020 7:26:00 AM,SP_1005,4,1999,New Spring Camp Batch,Live - Upsell (Larger plan)
911100222982,s2m_test_22004@tests2m.com,31-03-2020 7:26:00 AM,SP_1005,Kg,999,New Spring Camp Batch,Live - Upsell (Larger plan)
911100222983,s2m_test_22005@tests2m.com,1/4/20 0:00,,4,199,,
911100222984,s2m_test_22006@tests2m.com,1/4/20 0:00,SP_1005,1,1999,New Spring Camp Batch,Live - Upsell (Larger plan)
911100222985,s2m_test_22007@tests2m.com,1/4/20 0:00,,KG,199,,
911100222986,s2m_test_22008@tests2m.com,2/4/20 10:47,,5,199,,
911100222987,s2m_test_22009@tests2m.com,2/4/20 12:22,SP_1001,4,1999,SCS/13042020/Batch 3,Live - Upsell (Larger plan)
911100222988,s2m_test_21894@tests2m.com,2/4/20 12:36,SP_1005,1,1999,Mon & Thur at 10AM,Live - Upsell (Larger plan)
911100222989,s2m_test_22010@tests2m.com,2/4/20 14:12,SP_1005,4,999,4/7/2020 16:00:00 ASSIGNED,Live - Upsell (Larger plan)
911100222990,s2m_test_22011@tests2m.com,2/4/20 15:51,SP_1008,3,1999,4/7/20 10:00,Live - Upsell (Larger plan)
911100222970,s2m_test_21995@tests2m.com,2/4/20 17:42,SP_1001,1,1999,4/7/20 10:00,Live - Upsell (Larger plan)
911100222991,s2m_test_22012@tests2m.com,2/4/20 20:10,SP_1005,4,999,4/7/20 16:00,Live - Upsell (Larger plan)
911100222992,s2m_test_22013@tests2m.com,2/4/20 20:54,,SKG,199,,
911100222993,s2m_test_22014@tests2m.com,2/4/20 21:17,SP_1001,1,1999,"Tue 7 Apr 10 am (Grade 12)
 prefer alternate days (yet to get back)",Live - Upsell (Larger plan)
911100222994,s2m_test_22015@tests2m.com,2/4/20 21:53,SP_1001,4,999,"Tue 7 Apr 4 Pm (Grade 3,4)",Live - Upsell (Larger plan)
911100222995,s2m_test_22016@tests2m.com,3/4/20 0:00,,2,199,,
911100222996,s2m_test_22017@tests2m.com,3/4/20 0:00,,B1,199,,
911100222997,s2m_test_22018@tests2m.com,3/4/20 0:00,SP_1005,4,1999,4/7/20 16:00,Live - Upsell (Larger plan)
911100222998,s2m_test_22019@tests2m.com,2/4/20 21:56,,KG,199,,
911100222967,s2m_test_22020@tests2m.com,4/4/20 11:35,SP_1007,4,1999,"Vanya batch
SCS/13042020/Batch 52",Live - Upsell (Larger plan)
911100222999,s2m_test_22021@tests2m.com,4/4/20 12:09,SP_1007,4,1999,"
SCS/20042020/Batch 52",Live - Upsell (Larger plan)
911100223000,s2m_test_22022@tests2m.com,4/4/20 12:27,SP_1007,4,1999,"Nivaan batch
SCJ/13042020/Batch 2",Live - Upsell (Larger plan)
911100222783,s2m_test_21807@tests2m.com,4/4/20 13:26,SP_1005,2,1999,4/7/20 10:00,Live - Upsell (Larger plan)
911100223001,s2m_test_22023@tests2m.com,4/4/20 15:00,SP_1005,1,1999,4/7/20 16:00,Live - Upsell (Larger plan)
911100223002,s2m_test_22024@tests2m.com,4/4/20 16:19,,2,199,,
911100223003,s2m_test_22025@tests2m.com,4/4/20 18:04,SP_1008,2,1999,4/7/20 10:00,Live - Upsell (Larger plan)
911100223004,s2m_test_22026@tests2m.com,4/4/20 18:45,SP_1005,4,1999,4/7/20 16:00,Live - Upsell (Larger plan)
911100223005,s2m_test_22027@tests2m.com,4/4/20 19:21,,3,1999,4/7/20 10:00,Live - Upsell (Larger plan)
911100223006,s2m_test_22028@tests2m.com,4/4/20 19:37,SP_1005,1,1999,4/7/20 10:00,Live - Upsell (Larger plan)
911100223007,,4/4/20 19:37,SP_1001,1,1999,4/7/20 16:00,Live - Upsell (Larger plan)
911100222978,s2m_test_22000@tests2m.com,4/4/20 20:45,SP_1005,4,999,4/7/20 16:00,Live - Upsell (Larger plan)
911100223008,s2m_test_22029@tests2m.com,4/4/20 20:50,,PP2,199,,
911100223009,s2m_test_22030@tests2m.com,4/4/20 21:01,SP_1007,5,1999,"Vanya batch
SCS/13042020/Batch 52",Live - Upsell (Larger plan)
911100223010,s2m_test_22031@tests2m.com,4/4/20 21:57,,4,199,,
911100223011,s2m_test_20227@tests2m.com,4/4/20 22:36,SP_1007,4,1999,"Vanya batch
SCS/13042020/Batch 52",Live - Upsell (Larger plan)
911100223012,s2m_test_22032@tests2m.com,5/4/20 10:08,,2,199,,
911100223013,s2m_test_22033@tests2m.com,5/4/20 12:28,SP_1001,1,1999,4/7/20 10:00,Live - Upsell (Larger plan)
911100223014,s2m_test_22034@tests2m.com,5/4/20 13:18,SP_1009,3,1999,4/7/20 16:00,Live - Upsell (Larger plan)
911100223015,s2m_test_22035@tests2m.com,5/4/20 13:51,SP_1005,1,1999,4/7/20 10:00,Live - Upsell (Larger plan)
911100223016,s2m_test_22036@tests2m.com,5/4/20 16:04,SP_1008,4,1999,SCS/13042020/Batch 3,Live - Upsell (Larger plan)
911100223017,s2m_test_22037@tests2m.com,5/4/20 17:39,SP_1007,4,1999,"Vanya batch
SCS/13042020/Batch 52",Live - Upsell (Larger plan)
911100223018,s2m_test_22038@tests2m.com,5/4/20 17:39,SP_1005,2,1999,4/7/20 10:00,Live - Upsell (Larger plan)
911100222964,s2m_test_21989@tests2m.com,5/4/20 19:08,SP_1005,4,999,4/7/20 16:00,Live - Upsell (Larger plan)
911100223019,s2m_test_22039@tests2m.com,6/4/20 8:04,,2,199,,
911100223020,s2m_test_22040@tests2m.com,6/4/20 10:15,SP_1005,4,999,SCS/13042020/Batch 2,Live - Upsell (Larger plan)
911100223021,s2m_test_22041@tests2m.com,6/4/20 13:17,SP_1008,5,999,SCS/13042020/Batch 3,Live - Upsell (Larger plan)
911100223021,s2m_test_22041@tests2m.com,6/4/20 13:20,SP_1008,2,1999,SCJ/13042020/Batch 1,Live - Upsell (Larger plan)
911100223022,s2m_test_22042@tests2m.com,6/4/20 13:48,SP_1008,1,999,SCJ/13042020/Batch 1,Live - Upsell (Larger plan)
911100223023,s2m_test_22043@tests2m.com,6/4/20 20:01,SP_1008,3,999,SCS/13042020/Batch 3,Live - Upsell (Larger plan)
911100223024,s2m_test_22044@tests2m.com,6/4/20 22:11,,1,199,,
911100222471,s2m_test_21486@tests2m.com,6/4/20 23:22,SP_1005,3,999,4/7/20 16:00,Live - Upsell (Larger plan)
911100223025,s2m_test_22045@tests2m.com,6/4/20 23:34,SP_1005,4,1999,SCS/13042020/Batch 2,Live - Upsell (Larger plan)
911100223026,,5/4/20 19:08,SP_1001,2,999,4/7/20 16:00,Live - Upsell (Larger plan)
911100223027,,5/4/20 19:08,SP_1001,2,999,SCS/13042020/Batch 2,Live - Upsell (Larger plan)
911100223028,s2m_test_22046@tests2m.com,7/4/20 10:05,SP_1007,2,1999,"Nivaan batch
SCJ/13042020/Batch 2",Live - Upsell (Larger plan)
911100223029,s2m_test_22047@tests2m.com,7/4/20 16:36,,2,1999,SCJ/13042020/Batch 1,Live - Upsell (Larger plan)
911100223030,s2m_test_22048@tests2m.com,7/4/20 17:35,SP_1005,3,1999,SCS/13042020/Batch 2,Live - Upsell (Larger plan)
911100223031,s2m_test_22049@tests2m.com,7/4/20 17:47,SP_1009,2,1999,SCJ/13042020/Batch 3,Live - Upsell (Larger plan)
911100223032,s2m_test_22050@tests2m.com,7/4/20 18:12,SP_1005,2,1999,SCJ/13042020/Batch 1,Live - Upsell (Larger plan)
911100223033,s2m_test_22051@tests2m.com,7/4/20 20:01,,KG,199,,
911100223034,s2m_test_22052@tests2m.com,7/4/20 20:01,SP_1008,2,1999,SCJ/13042020/Batch 3,Live - Upsell (Larger plan)
911100223035,s2m_test_22053@tests2m.com,7/4/20 21:49,SP_1009,4,1999,SCS/13042020/Batch 1,Live - Upsell (Larger plan)
911100223036,s2m_test_22054@tests2m.com,7/4/20 23:16,SP_1005,4,1999,SCS/13042020/Batch 2,Live - Upsell (Larger plan)
911100223037,,7/4/20 23:16,SP_1005,3,999,SCS/13042020/Batch 2,Live - Upsell (Larger plan)
911100222977,s2m_test_21999@tests2m.com,8/4/20 12:03,SP_1005,3,1999,SCS/13042020/Batch 3,Live - Upsell (Larger plan)
911100223038,s2m_test_22055@tests2m.com,8/4/20 13:09,SP_1005,4,1999,SCS/13042020/Batch 2,Live - Upsell (Larger plan)
911100223039,s2m_test_22056@tests2m.com,8/4/20 13:25,,4,199,,
911100222931,s2m_test_22057@tests2m.com,8/4/20 14:02,SP_1006,Nursery,699,,
911100223040,s2m_test_22058@tests2m.com,8/4/20 14:55,SP_1005,3,1999,SCS/13042020/Batch 1,Live - Upsell (Larger plan)
911100223041,s2m_test_22059@tests2m.com,8/4/20 16:05,SP_1005,3,999,SCS/13042020/Batch 1,Live - Upsell (Larger plan)
911100222734,s2m_test_21753@tests2m.com,8/4/20 16:44,SP_1007,4,1999,SCS/13042020/Batch 52,Live - Upsell (Larger plan)
911100223042,s2m_test_22060@tests2m.com,8/4/20 17:01,SP_1007,3,999,SCS/13042020/Batch 1,Live - Upsell (Larger plan)
911100223043,s2m_test_22061@tests2m.com,8/4/20 20:27,SP_1001,3,1999,SCS/13042020/Batch 3,Live - Upsell (Larger plan)
911100223044,s2m_test_22062@tests2m.com,8/4/20 20:53,,UKG,199,,
911100223045,s2m_test_22063@tests2m.com,8/4/20 21:05,SP_1005,4,1999,SCS/13042020/Batch 53b,Live - Upsell (Larger plan)
911100223046,s2m_test_22064@tests2m.com,8/4/20 21:28,SP_1001,1,999,SCJ/13042020/Batch 3,Live - Upsell (Larger plan)
911100223047,s2m_test_22065@tests2m.com,9/4/20 0:14,,1,199,,
911100223048,,8/4/20 21:28,SP_1001,1,1999,SCJ/13042020/Batch 3,Live - Upsell (Larger plan)
911100222451,s2m_test_21465@tests2m.com,9/4/20 12:53,,1,199,,
911100223049,s2m_test_22066@tests2m.com,9/4/20 15:11,SP_1005,4,1999,SCS/13042020/Batch 3,Live - Upsell (Larger plan)
911100223050,s2m_test_22067@tests2m.com,9/4/20 15:58,SP_1009,4,1999,SCS/13042020/Batch 1,Live - Upsell (Larger plan)
911100223051,s2m_test_22068@tests2m.com,9/4/20 17:38,,2,199,,
911100223052,s2m_test_22069@tests2m.com,9/4/20 18:47,SP_1010,4,1999,SCS/13042020/Batch 53,Live - Upsell (Larger plan)
911100223053,s2m_test_22070@tests2m.com,9/4/20 20:25,,4,199,,
911100223054,s2m_test_22071@tests2m.com,9/4/20 22:01,SP_1001,3,999,SCS/13042020/Batch 1,Live - Upsell (Larger plan)
911100223055,,10/4/20 0:00,SP_1001,2,999,SCJ/13042020/Batch 1,Live - Upsell (Larger plan)
911100223056,,10/4/20 0:00,SP_1001,1,999,SCJ/13042020/Batch 2,Live - Upsell (Larger plan)
911100223057,s2m_test_22072@tests2m.com,10/4/20 18:25,,2,199,,
911100222877,s2m_test_21901@tests2m.com,10/4/20 19:54,SP_1001,2,999,SCJ/13042020/Batch 3,Live - Upsell (Larger plan)
911100223058,s2m_test_22073@tests2m.com,10/4/20 21:18,SP_1001,3,1999,SCS/13042020/Batch 53,Live - Upsell (Larger plan)
911100223059,s2m_test_22074@tests2m.com,10/4/20 21:47,SP_1005,2,1999,SCJ/13042020/Batch 52,Live - Upsell (Larger plan)
911100223060,s2m_test_22075@tests2m.com,10/4/20 23:57,,2,1999,SCJ/13042020/Batch 1,Live - Upsell (Larger plan)
911100223061,s2m_test_22076@tests2m.com,11/4/20 12:34,SP_1001,2,1999,SCJ/13042020/Batch 1,Live - Upsell (Larger plan)
911100223062,s2m_test_22077@tests2m.com,11/4/20 14:05,SP_1008,3,1999,SCS/13042020/Batch 1,Live - Upsell (Larger plan)
911100223063,s2m_test_22078@tests2m.com,11/4/20 14:40,SP_1008,4,999,SCS/13042020/Batch 53,Live - Upsell (Larger plan)
911100222650,s2m_test_22079@tests2m.com,11/4/20 16:11,,4,199,,
911100222665,s2m_test_21682@tests2m.com,11/4/20 16:56,SP_1001,1,999,SCJ/13042020/Batch 2,Live - Upsell (Larger plan)
911100223064,,11/4/20 16:56,SP_1001,4,1999,SCS/13042020/Batch 52,Live - Upsell (Larger plan)
911100223065,s2m_test_22080@tests2m.com,11/4/20 18:25,,2,1999,SCJ/13042020/Batch 2,Live - Upsell (Larger plan)
911100223066,s2m_test_22081@tests2m.com,11/4/20 19:36,SP_1008,3,1999,SCS/13042020/Batch 53,Live - Upsell (Larger plan)
911100223067,s2m_test_22082@tests2m.com,11/4/20 20:14,SP_1005,3,1999,SCS/13042020/Batch 53b,Live - Upsell (Larger plan)
911100223068,s2m_test_22083@tests2m.com,11/4/20 22:06,,3,199,,
911100223069,s2m_test_22084@tests2m.com,12/4/20 0:35,,Kg,199,,
911100221015,s2m_test_20016@tests2m.com,12/4/20 1:22,SP_1005,2,1999,SCJ/20042020/Batch53,Live - Upsell (Larger plan)
911100222976,s2m_test_21998@tests2m.com,12/4/20 8:50,SP_1010,2,1999,SCJ/13042020/Batch 52,Live - Upsell (Larger plan)
911100223070,s2m_test_22085@tests2m.com,12/4/20 9:10,SP_1010,2,1999,Refunded,Live - Upsell (Larger plan)
911100223071,s2m_test_22086@tests2m.com,12/4/20 12:59,SP_1005,2,1999,SCJ/13042020/Batch 52,Live - Upsell (Larger plan)
911100223072,s2m_test_22087@tests2m.com,12/4/20 13:38,SP_1005,4,1999,SCS/13042020/Batch 53b,Live - Upsell (Larger plan)
911100223074,s2m_test_22089@tests2m.com,12/4/20 15:35,SP_1001,4,1999,SCS/13042020/Batch 53,Live - Upsell (Larger plan)
911100223075,s2m_test_22090@tests2m.com,12/4/20 15:54,,4,199,0.5,
911100223076,s2m_test_22091@tests2m.com,12/4/20 16:10,,2,399,1,
911100223077,s2m_test_22092@tests2m.com,12/4/20 16:50,SP_1009,4,1999,SCS/13042020/Batch 51,Live - Upsell (Larger plan)
911100222467,s2m_test_21482@tests2m.com,12/4/20 18:41,,2,199,,
911100223078,s2m_test_22093@tests2m.com,12/4/20 18:56,SP_1008,2,1999,SCJ/13042020/Batch 3,Live - Upsell (Larger plan)
911100223079,s2m_test_22094@tests2m.com,12/4/20 21:00,SP_1009,4,1999,SCS/13042020/Batch 53,Live - Upsell (Larger plan)
911100223080,s2m_test_22095@tests2m.com,12/4/20 21:12,SP_1005,3,1999,SCS/13042020/Batch 51,Live - Upsell (Larger plan)
911100223081,s2m_test_22096@tests2m.com,12/4/20 21:12,SP_1009,4,1999,SCS/20042020/Batch 2,Live - Upsell (Larger plan)
911100223082,s2m_test_22097@tests2m.com,12/4/20 21:18,SP_1005,2,1999,SCJ/13042020/Batch 52,Live - Upsell (Larger plan)
911100223083,s2m_test_22098@tests2m.com,13-04-2020 1:50:51 PM,,2,999,SCJ/13042020/Batch 52,Live - Upsell (Larger plan)
911100223084,s2m_test_22099@tests2m.com,13-04-2020 2:50:01 PM,SP_1005,4,1999,SCS/13042020/Batch 53b,Live - Upsell (Larger plan)
911100223085,s2m_test_22100@tests2m.com,13-04-2020 8:38:16 PM,SP_1008,,1999,SCJ/13042020/Batch 52,Live - Upsell (Larger plan)
911100223086,s2m_test_22101@tests2m.com,13-04-2020 8:47:07 PM,SP_1008,,1999,SCJ/13042020/Batch 52,Live - Upsell (Larger plan)
911100221925,s2m_test_20164@tests2m.com,13-04-2020 9:52:27 AM,SP_1005,3,1999,SCS/13042020/ Batch 51,Live - Upsell (Larger plan)
911100223087,s2m_test_22102@tests2m.com,13-04-2020 10:28:24 AM,SP_1001,3,999,SCS/13042020/ Batch 51,Live - Upsell (Larger plan)
911100223088,s2m_test_22103@tests2m.com,13-04-2020 11:53:48 AM,SP_1009,3,1999,SCS/13042020/ Batch 51,Live - Upsell (Larger plan)
911100223089,s2m_test_22104@tests2m.com,14-04-2020 12:00:00 AM,SP_1001,4,1999,SCS/20042020/Batch 2,Live - Upsell (Larger plan)
911100223090,s2m_test_22105@tests2m.com,14-04-2020 12:00:00 AM,,2,1999,SCJ/20042020/Batch 2,Live - Upsell (Larger plan)
911100223091,s2m_test_22106@tests2m.com,14-04-2020 12:00:00 AM,SP_1005,4,1999,SCS/13042020/ Batch 51,Live - Upsell (Larger plan)
911100223092,s2m_test_22107@tests2m.com,14-04-2020 12:00:00 AM,SP_1001,3,1999,SCS/13042020/ Batch 51,Live - Upsell (Larger plan)
911100223093,s2m_test_22108@tests2m.com,14-04-2020 12:00:00 AM,SP_1005,4,1999,SCS/13042020/ Batch 52,Live - Upsell (Larger plan)
911100223094,,15-04-2020 12:00:00 AM,SP_1009,4,1999,SCS/20042020/Batch 3,Live - Upsell (Larger plan)
911100223095,s2m_test_22109@tests2m.com,15-04-2020 12:00:00 AM,SP_1005,3,1999,"SCS/13042020/ Batch 53b
moved to 
SCS/20042020/Batch 53",Live - Upsell (Larger plan)
911100222896,s2m_test_21920@tests2m.com,15-04-2020 12:00:00 AM,,1,1999,"SCJ/20042020/Batch 3 
RENEWAL. will confirm",Live - Upsell (Larger plan)
911100222881,s2m_test_22110@tests2m.com,15-04-2020 12:00:00 AM,,3,199,,
911100223096,s2m_test_22111@tests2m.com,15-04-2020 12:00:00 AM,SP_1008,3,1999,SCS/20042020/Batch 2,Live - Upsell (Larger plan)
911100223097,s2m_test_22112@tests2m.com,15-04-2020 12:00:00 AM,SP_1008,3,1999,SCS/20042020/Batch 3,Live - Upsell (Larger plan)
911100223098,s2m_test_22113@tests2m.com,16-04-2020 12:00:00 AM,SP_1001,4,999,SCS/20042020/Batch 2,Live - Upsell (Larger plan)
911100223099,s2m_test_22114@tests2m.com,16-04-2020 2:04:37 PM,,,199,,
911100222460,s2m_test_21475@tests2m.com,16-04-2020 2:40:23 PM,SP_1005,2,1999,SCJ/20042020/Batch 1,Live - Upsell (Larger plan)
911100222530,,16-04-2020 12:00:00 AM,SP_1001,4,1999,SCS/20042020/Batch 2,Live - Upsell (Larger plan)
911100222513,,16-04-2020 12:00:00 AM,SP_1005,2,1999,SCJ/20042020/Batch 2,Live - Upsell (Larger plan)
911100222991,s2m_test_22012@tests2m.com,16-04-2020 9:57:36 PM,SP_1005,4,1999,"RENEWAL. Joining the batch
starting 27th apr",Live - Upsell (Larger plan)
911100223100,s2m_test_22115@tests2m.com,16-04-2020 11:12:48 PM,SP_1001,4,1999,SCS/20042020/Batch 3,Live - Upsell (Larger plan)
911100223101,s2m_test_22116@tests2m.com,17-04-2020 12:39:35 AM,SP_1001,2,1999,SCJ/20042020/Batch 2,Live - Upsell (Larger plan)
911100223102,,17-04-2020 11:51:16 AM,SP_1001,3,1999,SCS/20042020/Batch 2,Live - Upsell (Larger plan)
911100223103,s2m_test_22117@tests2m.com,17-04-2020 11:52:46 AM,SP_1009,2,1999,SCJ/20042020/Batch 1,Live - Upsell (Larger plan)
911100222961,s2m_test_21986@tests2m.com,17-04-2020 12:37:09 PM,,2,1999,SCJ/20042020/Batch 1,Live - Upsell (Larger plan)
911100222472,s2m_test_21487@tests2m.com,17-04-2020 3:53:03 PM,SP_1005,4,1999,SCS/20042020/Batch 1,Live - Upsell (Larger plan)
911100223104,s2m_test_22118@tests2m.com,17-04-2020 6:07:49 PM,SP_1008,2,1999,SCJ/20042020/Batch 1,Live - Upsell (Larger plan)
911100223105,s2m_test_22119@tests2m.com,17-04-2020 6:09:34 PM,SP_1011,3,1996,SCS/20042020/Batch 3,Live - Upsell (Larger plan)
911100222562,s2m_test_21575@tests2m.com,17-04-2020 8:25:22 PM,SP_1005,4,1999,SCS/20042020/Batch 2,Live - Upsell (Larger plan)
911100222563,s2m_test_21576@tests2m.com,17-04-2020 9:08:34 PM,SP_1005,4,1999,SCS/20042020/Batch 3,Live - Upsell (Larger plan)
911100222526,s2m_test_22120@tests2m.com,18-04-2020 10:59:59 AM,SP_1012,2,1999,SCJ/20042020/Batch 2,Live - Upsell (Larger plan)
911100221265,s2m_test_20265@tests2m.com,18-04-2020 11:12:15 AM,SP_1012,3,1999,SCS/20042020/Batch 3,Live - Upsell (Larger plan)
911100223106,s2m_test_22121@tests2m.com,18-04-2020 11:33:10 AM,,,199,,
911100221327,s2m_test_22122@tests2m.com,18-04-2020 1:35:09 PM,SP_1012,3,1999,SCS/20042020/Batch 1,Live - Upsell (Larger plan)
911100223107,s2m_test_22123@tests2m.com,18-04-2020 2:37:47 PM,SP_1005,1,1999,SCJ/20042020/Batch 1,Live - Upsell (Larger plan)
911100223108,s2m_test_22124@tests2m.com,18-04-2020 2:40:19 PM,SP_1005,3,1999,SCS/20042020/Batch 3,Live - Upsell (Larger plan)
911100221003,,18-04-2020 2:40:19 PM,SP_1005,2,1999,SCJ/20042020/Batch 3,Live - Upsell (Larger plan)
911100222839,s2m_test_21864@tests2m.com,18-04-2020 4:05:19 PM,SP_1005,4,1999,SCS/20042020/Batch 52,Live - Upsell (Larger plan)
911100222536,s2m_test_21549@tests2m.com,18-04-2020 6:18:01 PM,SP_1012,1,1999,SCJ/20042020/Batch 2,Live - Upsell (Larger plan)
911100221176,s2m_test_20177@tests2m.com,18-04-2020 6:19:18 PM,,2,999,SCJ/20042020/Batch 3,Live - Upsell (Larger plan)
911100223109,s2m_test_22125@tests2m.com,18-04-2020 11:56:07 PM,,1,1999,SCJ/20042020/Batch 2,Live - Upsell (Larger plan)
911100221426,s2m_test_20430@tests2m.com,19-04-2020 12:00:00 AM,SP_1013,3,1999,SCS/20042020/Batch 52,Live - Upsell (Larger plan)
911100223110,s2m_test_22126@tests2m.com,19-04-2020 1:29:28 PM,,3,1999,SCS/20042020/Batch 1,Live - Upsell (Larger plan)
911100223111,s2m_test_22127@tests2m.com,19-04-2020 2:15:02 PM,SP_1009,1,999,SCJ/20042020/Batch 3,Live - Upsell (Larger plan)
911100223112,s2m_test_22128@tests2m.com,19-04-2020 2:36:26 PM,SP_1012,4,1999,SCS/20042020/Batch 52,Live - Upsell (Larger plan)
911100221360,s2m_test_20363@tests2m.com,19-04-2020 2:39:10 PM,SP_1001,1,1999,SCJ/20042020/Batch 1,Live - Upsell (Larger plan)
911100221346,s2m_test_20348@tests2m.com,19-04-2020 3:58:23 PM,SP_1012,4,1999,SCS/20042020/Batch 52,Live - Upsell (Larger plan)
911100223113,s2m_test_22129@tests2m.com,19-04-2020 4:05:30 PM,,LKG,199,,
911100223114,s2m_test_22130@tests2m.com,19-04-2020 4:15:58 PM,SP_1005,2,1999,SCJ/20042020/Batch 2,Live - Upsell (Larger plan)
911100221656,s2m_test_20664@tests2m.com,19-04-2020 5:11:17 PM,SP_1009,3,1999,SCS/20042020/Batch 53,Live - Upsell (Larger plan)
911100221478,s2m_test_20482@tests2m.com,19-04-2020 5:14:40 PM,SP_1005,3,1999,SCS/20042020/Batch 52,Live - Upsell (Larger plan)
911100223115,s2m_test_22131@tests2m.com,19-04-2020 5:14:40 PM,SP_1005,1,1999,SCJ/20042020/Batch 3,Live - Upsell (Larger plan)
911100222546,s2m_test_21558@tests2m.com,19-04-2020 6:24:00 PM,SP_1005,3,1999,SCS/20042020/Batch 1,Live - Upsell (Larger plan)
911100223116,s2m_test_20144@tests2m.com,19-04-2020 6:24:00 PM,SP_1005,4,1999,SCS/20042020/Batch 1,Live - Upsell (Larger plan)
911100221413,s2m_test_20416@tests2m.com,19-04-2020 7:25:37 PM,SP_1001,2,1999,SCJ/20042020/Batch 3,Live - Upsell (Larger plan)
911100222623,s2m_test_22132@tests2m.com,19-04-2020 7:25:37 PM,SP_1001,1,1999,SCJ/20042020/Batch 52,Live - Upsell (Larger plan)
911100221411,s2m_test_20414@tests2m.com,19-04-2020 8:09:21 PM,,4,1999,SCS/20042020/Batch 53,Live - Upsell (Larger plan)
911100221434,s2m_test_20438@tests2m.com,19-04-2020 8:28:43 PM,SP_1005,3,1999,SCS/20042020/Batch 1,Live - Upsell (Larger plan)
911100221180,s2m_test_20181@tests2m.com,19-04-2020 8:28:43 PM,SP_1005,2,1999,SCJ/20042020/Batch 53,Live - Upsell (Larger plan)
911100221089,s2m_test_22133@tests2m.com,19-04-2020 7:25:37 PM,SP_1001,2,1999,SCJ/20042020/Batch 1,Live - Upsell (Larger plan)
911100221111,s2m_test_20112@tests2m.com,19-04-2020 9:29:37 PM,SP_1008,3,1999,SCS/20042020/Batch 51,Live - Upsell (Larger plan)
911100221141,s2m_test_20142@tests2m.com,19-04-2020 10:57:00 PM,SP_1005,4,1999,SCS/20042020/Batch 52,Live - Upsell (Larger plan)
911100221579,s2m_test_20582@tests2m.com,19-04-2020 10:57:00 PM,SP_1009,2,1999,SCJ/20042020/Batch 52,Live - Upsell (Larger plan)
911100223117,s2m_test_22134@tests2m.com,20-04-2020 12:00:00 AM,SP_1005,1,2000,SCJ/20042020/Batch 51,Live - Upsell (Larger plan)
911100221381,s2m_test_22135@tests2m.com,20-04-2020 12:00:00 AM,SP_1012,4,2000,SCS/20042020/Batch 51,Live - Upsell (Larger plan)
911100221373,s2m_test_20376@tests2m.com,20-04-2020 4:36:15 PM,SP_1012,3,1999,SCS/20042020/Batch 51,Live - Upsell (Larger plan)
911100223118,s2m_test_22136@tests2m.com,20-04-2020 5:23:02 PM,SP_1001,2,1999,SCJ/20042020/Batch 53,Live - Upsell (Larger plan)
911100221727,s2m_test_20737@tests2m.com,20-04-2020 12:00:00 AM,SP_1014,3,1999,SCS/20042020/Batch 51,Live - Upsell (Larger plan)
911100222557,s2m_test_21569@tests2m.com,20-04-2020 7:22:52 PM,SP_1015,1,1999,SCJ/20042020/Batch 53,Live - Upsell (Larger plan)
911100222931,s2m_test_21955@tests2m.com,20-04-2020 7:45:15 PM,,,199,,
911100223119,s2m_test_22137@tests2m.com,20-04-2020 7:53:52 PM,SP_1008,3,1999,SCS/20042020/Batch 53,Live - Upsell (Larger plan)
911100221144,s2m_test_20145@tests2m.com,20-04-2020 8:25:21 PM,SP_1005,4,1999,SCS/20042020/Batch 51,Live - Upsell (Larger plan)
911100222713,s2m_test_21735@tests2m.com,20-04-2020 8:58:14 PM,SP_1005,3,1999,SCS/20042020/Batch 53,Live - Upsell (Larger plan)
911100222579,s2m_test_21592@tests2m.com,20-04-2020 9:45:17 PM,SP_1005,2,1999,SCJ/20042020/Batch 51,Live - Upsell (Larger plan)
911100222931,s2m_test_21955@tests2m.com,21-04-2020 10:17:36 AM,,,199,,
911100222931,s2m_test_21955@tests2m.com,21-04-2020 10:17:36 AM,,,199,,
911100221564,s2m_test_20568@tests2m.com,21-04-2020 11:16:46 AM,SP_1012,3,1999,SCS/20042020/Batch 51,Live - Upsell (Larger plan)
911100223120,s2m_test_22138@tests2m.com,21-04-2020 12:44:47 PM,SP_1005,2,1999,SCJ/20042020/Batch 52,Live - Upsell (Larger plan)
911100221641,s2m_test_20647@tests2m.com,21-04-2020 1:03:46 PM,SP_1008,4,1999,Assigned,Live - Upsell (Larger plan)
911100221527,s2m_test_20531@tests2m.com,21-04-2020 5:19:06 PM,SP_1001,2,1999,SCJ/20042020/Batch 53,Live - Upsell (Larger plan)
911100223121,s2m_test_22139@tests2m.com,21-04-2020 5:57:07 PM,SP_1008,4,1999,Assigned,Live - Upsell (Larger plan)
911100221506,s2m_test_20510@tests2m.com,21-04-2020 7:09:50 PM,SP_1001,,1999,SCJ/20042020/Batch 52,Live - Upsell (Larger plan)
911100221651,s2m_test_20658@tests2m.com,21-04-2020 8:06:45 PM,SP_1012,4,1999,SCS/20042020/Batch 53,Live - Upsell (Larger plan)
911100223122,,21-04-2020 12:00:00 AM,SP_1008,2,1999,SCJ/20042020/Batch 51,Live - Upsell (Larger plan)
911100223123,s2m_test_22140@tests2m.com,21-04-2020 12:00:00 AM,SP_1005,4,1999,Assigned,Live - Upsell (Larger plan)
911100222733,s2m_test_21752@tests2m.com,21-04-2020 10:10:01 PM,SP_1001,1,1999,SCJ/20042020/Batch 53,Live - Upsell (Larger plan)
911100221817,s2m_test_20829@tests2m.com,22-04-2020 2:39:45 PM,SP_1012,4,3400,Assigned,Live - Upsell (Larger plan)
911100223042,s2m_test_22060@tests2m.com,22-04-2020 3:47:18 PM,SP_1007,,999,,Live - Upsell (Larger plan)
911100223124,s2m_test_22141@tests2m.com,22-04-2020 8:10:46 PM,SP_1009,2,1999,Assigned,Live - Upsell (Larger plan)
911100222070,s2m_test_21079@tests2m.com,22-04-2020 12:00:00 AM,SP_1009,2,1999,SCJ/20042020/Batch 53,Live - Upsell (Larger plan)
911100221730,s2m_test_20740@tests2m.com,23-04-2020 9:38:52 AM,SP_1001,3,1999,Assigned,Live - Upsell (Larger plan)
911100221802,s2m_test_20814@tests2m.com,23-04-2020 9:52:04 AM,SP_1012,,1999,Assigned,Live - Upsell (Larger plan)
911100223125,,28-03-2020 12:00:00 AM,SP_1001,3,999,SCS/13042020/Batch 53b,Live - Upsell (Larger plan)
911100223126,,23-04-2020 9:52:04 AM,SP_1013,3,2000,Assigned,
911100222054,s2m_test_21064@tests2m.com,23-04-2020 1:49:29 PM,SP_1005,4,1999,Assigned,
911100222939,s2m_test_21963@tests2m.com,23-04-2020 5:49:24 PM,SP_1006,,1999,Renewal batch (to be tackled seperately),
911100222012,s2m_test_21022@tests2m.com,23-04-2020 5:49:24 PM,SP_1005,2,3400,Assigned,
911100221566,s2m_test_20570@tests2m.com,23-04-2020 8:09:24 PM,SP_1001,4,1999,Assigned,
911100223127,s2m_test_22142@tests2m.com,23-04-2020 8:26:45 PM,SP_1001,4,1999,"REFERRAL

Assigned",
911100221994,s2m_test_21005@tests2m.com,23-04-2020 9:05:55 PM,SP_1001,2,1999,Assigned,
911100221948,s2m_test_20961@tests2m.com,23-04-2020 9:05:55 PM,SP_1001,1,1999,Assigned,
911100222767,s2m_test_21791@tests2m.com,23-04-2020 12:00:00 AM,SP_1012,3,1999,Assigned,
911100223128,s2m_test_22143@tests2m.com,24-04-2020 11:32:24 AM,SP_1001,1,1999,Assigned,
911100221178,s2m_test_20179@tests2m.com,24-04-2020 12:37:12 PM,SP_1005,5,1999,Assigned,
911100223129,s2m_test_22144@tests2m.com,24-04-2020 1:09:31 PM,SP_1006,3,1999,,
911100222897,s2m_test_21921@tests2m.com,24-04-2020 1:16:02 PM,SP_1006,4,1995,,
911100223130,s2m_test_22145@tests2m.com,24-04-2020 2:11:57 PM,SP_1009,3,1999,Assigned,
911100221524,s2m_test_22146@tests2m.com,24-04-2020 2:11:57 PM,SP_1001,3,999,Assigned,
911100223131,s2m_test_22147@tests2m.com,24-04-2020 4:02:27 PM,SP_1005,1,1999,In May,
911100223132,s2m_test_22148@tests2m.com,24-04-2020 6:41:00 PM,SP_1016,4,1996,"Wants to start on 
5th May 4PM Batch",
911100223133,s2m_test_22149@tests2m.com,24-04-2020 8:11:11 PM,,,199,,
911100222589,s2m_test_22150@tests2m.com,24-04-2020 9:15:21 PM,SP_1008,4,1999,Assigned,
911100221895,s2m_test_21782@tests2m.com,24-04-2020 9:38:12 PM,SP_1012,4,3400,Assigned,
911100222755,s2m_test_21773@tests2m.com,24-04-2020 9:38:12 PM,SP_1005,3,1999,Assigned,
911100221839,s2m_test_20853@tests2m.com,24-04-2020 10:11:24 PM,SP_1001,,1999,Assigned,
911100221592,s2m_test_21790@tests2m.com,25-04-2020 10:03:59 AM,SP_1009,,999,Assigned,
911100221947,s2m_test_20558@tests2m.com,25-04-2020 10:43:01 AM,SP_1005,5,1999,Assigned,
911100222993,s2m_test_22014@tests2m.com,25-04-2020 12:37:44 PM,SP_1001,1,1999,,
911100223134,s2m_test_22151@tests2m.com,25-04-2020 12:37:44 PM,SP_1001,3,1999,Assigned,
911100222822,s2m_test_22152@tests2m.com,25-04-2020 1:12:54 PM,SP_1008,4,1999,Assigned,
911100222033,s2m_test_21043@tests2m.com,25-04-2020 2:49:52 PM,SP_1009,1,1999,Assigned,
911100222224,s2m_test_21237@tests2m.com,25-04-2020 2:49:52 PM,SP_1005,2,1999,Assigned,
911100222821,s2m_test_21845@tests2m.com,25-04-2020 5:44:09 PM,SP_1008,3,1999,Assigned,
911100222812,s2m_test_21836@tests2m.com,25-04-2020 7:09:21 PM,SP_1005,4,1999,Assigned,
911100222288,s2m_test_21301@tests2m.com,25-04-2020 9:44:44 PM,SP_1001,,1999,Assigned,
911100221462,s2m_test_20466@tests2m.com,26-04-2020 12:00:00 AM,SP_1005,2,1999,Assigned,
911100222080,s2m_test_21089@tests2m.com,26-04-2020 12:00:00 AM,SP_1012,3,1999,Assigned,
911100223135,s2m_test_22153@tests2m.com,26-04-2020 12:00:00 AM,SP_1005,2,1999,Assigned,
,,26-04-2020 12:00:00 AM,SP_1001,4,1999,Assigned,
911100222236,s2m_test_22154@tests2m.com,26-04-2020 12:00:00 AM,SP_1012,3,1999,Assigned,
,s2m_test_20670@tests2m.com,26-04-2020 12:00:00 AM,SP_1001,,3400,Assigned,
,s2m_test_20455@tests2m.com,26-04-2020 12:00:00 AM,SP_1005,4,1999,Assigned,
911100221503,s2m_test_20507@tests2m.com,26-04-2020 12:00:00 AM,SP_1005,1,1999,Assigned,
911100221127,s2m_test_20128@tests2m.com,26-04-2020 10:16:14 PM,SP_1005,1,1999,Assigned,
911100223136,s2m_test_22155@tests2m.com,26-04-2020 10:16:14 PM,SP_1001,2,1999,Assigned,
911100223137,s2m_test_22156@tests2m.com,4/26/2020,,1,100,,
911100221835,s2m_test_20849@tests2m.com,4/26/2020,SP_1008,3,1999,Assigned,
911100222074,s2m_test_21083@tests2m.com,4/27/2020,SP_1009,1,3400,Assigned,
911100221281,s2m_test_22157@tests2m.com,4/27/2020,SP_1005,4,1999,Assigned,
911100223138,s2m_test_22158@tests2m.com,4/27/2020,SP_1005,2,1999,Assigned,
911100221616,s2m_test_20619@tests2m.com,4/27/2020,SP_1017,2,1999,,
911100223139,s2m_test_22159@tests2m.com,4/27/2020,SP_1012,3,1999,Assigned,
911100223140,s2m_test_20166@tests2m.com,4/27/2020,SP_1015,,1999,,
911100223141,s2m_test_22160@tests2m.com,4/27/2020,SP_1005,3,1999,Assigned,
911100223142,s2m_test_22161@tests2m.com,4/27/2020,SP_1005,2,1999,Assigned,
911100223143,s2m_test_22162@tests2m.com,4/27/2020,SP_1012,3,1999,Assigned,
911100222851,s2m_test_21876@tests2m.com,4/27/2020,SP_1005,3,1999,Assigned,
911100223138,s2m_test_22158@tests2m.com,4/27/2020,SP_1005,2,1999,,
911100222391,s2m_test_21404@tests2m.com,4/27/2020,SP_1012,4,1999,Morning ,