fREADom Trial,Grades 1-2,[I],6:15 pm,April 17,Grade 2,911100221003,s2m_test_21628@tests2m.com,Present
fREADom Trial,Grades 3-4,[I],4:00 pm,April 17,Grade 4,911100221281,s2m_test_20281@tests2m.com,Present
fREADom Trial,Grades 3-4,[II],6:15 pm,April 17,Grade 3,911100221265,s2m_test_20265@tests2m.com,Present
fREADom Trial,Grades 1-2,[III],6:15 pm,April 17,Grade 2,911100221176,s2m_test_20177@tests2m.com,Present
fREADom Trial,Grades 3-4,[II],11:15 am,April 18,Grade 3,911100221327,s2m_test_20329@tests2m.com,Present
fREADom Trial,Grades 3-4,[II],11:15 am,April 18,Grade 4,911100221346,s2m_test_20348@tests2m.com,Present
fREADom Trial,Grades 1-2,[II],11:15 am,April 18,Grade 1,911100221360,s2m_test_20363@tests2m.com,Present
fREADom Trial,Grades 1-2,[I],11:15 am,April 18,Grade 2,911100221089,s2m_test_20091@tests2m.com,
fREADom Trial,Grades 3-4,[I],4:00 pm,April 18,Grade 4,911100221381,s2m_test_20384@tests2m.com,Present
fREADom Trial,Grades 3-4,[II],4:00 pm,April 18,Grade 3,911100221373,s2m_test_20376@tests2m.com,Present
fREADom Trial,Grades 3-4,[II],4:00 pm,April 18,Grade 4,911100221411,s2m_test_20414@tests2m.com,Present
fREADom Trial,Grades 1-2,[III],4:00 pm,April 18,Grade 2,911100221413,s2m_test_20416@tests2m.com,Present
fREADom Trial,Grades 3-4,[II],4:00 pm,April 18,Grade 3,911100221426,s2m_test_20430@tests2m.com,Present
fREADom Trial,Grades 1-2,[III],6:15 pm,April 18,Grade 2,911100221462,s2m_test_20466@tests2m.com,Absent
fREADom Trial,Grades 3-4,[III],6:15 pm,April 18,Grade 3,911100221434,s2m_test_20438@tests2m.com,Present
fREADom Trial,Grades 3-4,[III],6:15 pm,April 18,Grade 4,911100221478,s2m_test_20482@tests2m.com,Present
fREADom Trial,Grades 1-2,[II],6:15 pm,April 18,Grade 2,911100221180,s2m_test_20181@tests2m.com,Present
fREADom Trial,Grades 3-4,[II],11:15 am,April 19,Grade 3,911100221656,s2m_test_20664@tests2m.com,Present
fREADom Trial,Grades 3-4,[III],11:15 am,April 19,Grade 3,911100221111,s2m_test_20112@tests2m.com,Present
fREADom Trial,Grades 3-4,[III],11:15 am,April 19,Grade 4,911100221141,s2m_test_20142@tests2m.com,Present
fREADom Trial,Grades 3-4,[III],11:15 am,April 19,Grade 3,911100221143,s2m_test_20144@tests2m.com,Present
fREADom Trial,Grades 3-4,[III],11:15 am,April 19,Grade 4,911100221144,s2m_test_20145@tests2m.com,Present
fREADom Trial,Grades 1-2,[I],4:00 pm,April 19,Grade 1,911100221127,s2m_test_20128@tests2m.com,Present
fREADom Trial,Grades 3-4,[III],4:00 pm,April 19,Grade 3,911100221451,s2m_test_20455@tests2m.com,Present
fREADom Trial,Grades 3-4,[II],4:00 pm,April 19,Grade 4,911100221651,s2m_test_20658@tests2m.com,Present
fREADom Trial,Grades 3-4,[I],6:15 pm,April 19,Grade 4,911100221641,s2m_test_20647@tests2m.com,Present
fREADom Trial,Grades 1-2,[I],6:15 pm,April 19,Grade 1,911100221503,s2m_test_20507@tests2m.com,Present
fREADom Trial,Grades 1-2,[III],6:15 pm,April 19,Grade 2,911100221579,s2m_test_20582@tests2m.com,Present
fREADom Trial,Grades 3-4,[II],11:45 am,April 20,Grade 3,911100221564,s2m_test_20568@tests2m.com,Present
fREADom Trial,Grades 3-4,[I],11:45 am,April 20,Grade 3,911100221566,s2m_test_20570@tests2m.com,Present
fREADom Trial,Grades 3-4,[IV],11:45 am,April 20,Grade 4,911100221165,s2m_test_20166@tests2m.com,Present
fREADom Trial,Grades 1-2,[II],11:45 am,April 20,Grade 2,911100221524,s2m_test_20528@tests2m.com,Absent
fREADom Trial,Grades 1-2,[II],11:45 am,April 20,Grade 2,911100221727,s2m_test_20737@tests2m.com,Present
fREADom Trial,Grades 1-2,[II],6:00 pm,April 20,Grade 2,911100221506,s2m_test_20510@tests2m.com,Present
fREADom Trial,Grades 1-2,[II],6:00 pm,April 20,Grade 2,911100221527,s2m_test_20531@tests2m.com,Present
fREADom Trial,Grades 3-4,[II],11:45 am,April 21,Grade 4,911100221817,s2m_test_20829@tests2m.com,Present
fREADom Trial,Grades 3-4,[II],6:00 pm,April 21,Grade 4,911100221802,s2m_test_20814@tests2m.com,Present
fREADom Trial,Grades 1-2,[II],6:00 pm,April 21,Grade 2,911100221730,s2m_test_20740@tests2m.com,Present
fREADom Trial,Grades 3-4,[III],6:00 pm,April 22,Grade 4,911100222054,s2m_test_21064@tests2m.com,Present
fREADom Trial,Grades 1-2,[III],6:00 pm,April 22,Grade 1,911100222033,s2m_test_21043@tests2m.com,Present
fREADom Trial,Grades 1-2,[II],6:00 pm,April 22,Grade 1,911100221948,s2m_test_20961@tests2m.com,Present
fREADom Trial,Grades 3-4,[II],6:00 pm,April 22,Grade 4,911100221895,s2m_test_21782@tests2m.com,Present
fREADom Trial,Grades 3-4,[III],6:00 pm,April 22,Grade 4,911100221178,s2m_test_20179@tests2m.com,Absent
fREADom Trial,Grades 1-2,[III],6:00 pm,April 22,Grade 1,911100222074,s2m_test_21083@tests2m.com,Present
fREADom Trial,Grades 3-4,[II],6:00 pm,April 22,Grade 3,911100222080,s2m_test_21089@tests2m.com,Present
fREADom Trial,Grades 1-2,[III],6:00 pm,April 22,Grade 2,911100222070,s2m_test_21079@tests2m.com,Present
fREADom Trial,Grades 1-2,[I],11:45 am,April 23,Grade 2,911100222012,s2m_test_21022@tests2m.com,Present
fREADom Trial,Grades 1-2,[III],11:45 am,April 23,Grade 1,911100221994,s2m_test_21005@tests2m.com,Present
fREADom Trial,Grades 3-4,[III],11:45 am,April 23,Grade 4,911100221554,s2m_test_20558@tests2m.com,
fREADom Trial,Grades 1-2,[II],6:00 pm,April 23,Grade 1,911100221839,s2m_test_20853@tests2m.com,Present
fREADom Trial,Grades 3-4,[III],6:00 pm,April 23,Grade 4,911100221947,s2m_test_20960@tests2m.com,Present
fREADom Trial,Grades 1-2,[III],6:00 pm,April 23,Grade 2,911100221592,s2m_test_21790@tests2m.com,Present
fREADom Trial,Grades 1-2,[II],6:00 pm,April 24,Grade 2,911100221616,s2m_test_20619@tests2m.com,Cancelled
fREADom Trial,Grades 1-2,[I],11:45 am,April 25,Grade 2,911100222224,s2m_test_21237@tests2m.com,Present
fREADom Trial,Grades 3-4,[II],11:45 am,April 25,Grade 3,911100222236,s2m_test_21249@tests2m.com,Present
fREADom Trial,Grades 3-4,[I],4:00 pm,April 25,Grade 4,911100222288,s2m_test_21301@tests2m.com,Present
fREADom Trial,Grades 1-2,[II],11:45 am,April 26,Grade 1,911100221661,s2m_test_20670@tests2m.com,Present
fREADom Trial,Grades 3-4,[I],11:45 am,April 26,Grade 3,911100221835,s2m_test_20849@tests2m.com,Present
fREADom Trial,Grades 3-4,[II],11:45 am,April 27,Grade 4,911100222391,s2m_test_21404@tests2m.com,Present
